text,author,reply,retweet,like,date
"Ribuan massa dari berbagai lapisan masyarakat menggelar aksi unjuk rasa di depan gedung DPR RI. Mereka mendukung DPR menggulirkan Hak Angket untuk mengusut dugaan kecurangan Pemilu 2024 hingga meminta pemakzulan Presiden Joko Widodo.

Download #MetroTVXtend sekarang di Play Store",METRO TV,9,220,524,2024-03-05T08:43:28.000Z
135 Personel Polres Lampung Timur Amankan Rapat Pleno Hasil Pemilu 2024 Tingkat KPU Kabupaten,Humas Polda Lampung,0,0,285,2024-02-29T03:56:38.000Z
"Kegiatan Patroli Dialogis Polsek Sungai Kakap, Memberikan Himbauan Kambtibmas dan Mengajak Masyarakat bersama Sama menjaga situasi Kamtibmas yang Kondusif Pasca Pemilu 2024 (06/03).",Polsek Sungai Kakap,0,0,0,2024-03-06T03:10:05.000Z
Pakar HTN Feri Amsari Dorong 'Pengadilan Rakyat' Bongkar Kecurangan Pemilu 2024,Democrazy News,0,32,56,2024-03-06T00:30:00.000Z
"Mimbar Demokrasi Wanita : 

Ketika perempuan sudah berbicara dan prihatin dg bangsanya

Mendesak Presiden Menghentikan Penyalahgunaan Kekuasaan Dalam Pemilu 2024 

___
Partai Salah Input Exhuma Banned Manchester United Zara Dara I Love You #DukungHakAngketDPR",H Rohta,0,9,19,2024-03-04T16:20:46.000Z
"Ngeri, Ada Operasi Pemilih Hantu Untungkan PSI Dan Gembosi PPP 

https://kompasiana.com/paltiwest/65e3fcf3de948f0b945d5078/ngeri-ada-operasi-pemilih-hantu-untungkan-psi-dan-gembosi-ppp?utm_source=Twitter&utm_medium=Refferal&utm_campaign=Sharing_Mobile

Ketidaknormalan Pemilu 2024 belum juga berhenti. Setelah mengalami ketidaknormalan dalam putusan MK, pendaftaran paslon, ketidaknetralan aparat dan presiden, serangan bansos dan BLT, kini",Pengamat Logika,4,19,42,2024-03-03T04:34:01.000Z
"#papuaamankondusif
#jagastabilitaskeamanan
#papuankri
#pemilu2024",Toejuhdimensi,0,0,1,2024-03-06T02:21:29.000Z
"Siapa disini yang mau jadi Investor crypto dengan modal kecil?
 
Bisa banget di TRIV kalian bisa investasi crypto mulai dari 50rb!",Triv Exchange,0,8,73,
"Unit Samapta Polsek Rancaekek Polresta Bandung laksanakan patroli dialogis perintis presisi guna mencegah dan menangkal segala bentuk gangguan kamtibmas di wilayah hukum Polsek Rancaekek pasca dilaksanakannya Pemilu 2024.


@spripim
.polri
@divisihumaspolri",POLSEK RANCAEKEK POLRESTA BANDUNG,0,0,0,2024-03-06T03:16:56.000Z
"Cak Imin Sebut Pemilu 2024 Terberat Sepanjang Era Reformasi karena ""Beruang"" https://nasional.tempo.co/read/1838613/cak-imin-sebut-pemilu-2024-terberat-sepanjang-era-reformasi-karena-beruang?utm_source=Twitter&utm_medium=dlvr.it #TempoNasional",tempo.co,1,51,212,2024-02-27T14:26:08.000Z
Jayapura  Saat ini di salah satu hotel di Kota Jayapura sedang diadakan Pleno Rekapitusi Suara Pemilu 2024 tingkat Provinsi.,Hmspoldapapua,0,0,0,2024-03-06T02:46:13.000Z
Kegiatan Pengamanan Penyampaian Rekapitulasi Hasil Penghitungan Suara Pemilu 2024 Oleh Personel Polres Tanggamus Jaga Situasi Kamtibmas Agar Tetap Kondusif,Humas Polres Tanggamus,0,0,0,2024-03-06T02:51:52.000Z
"Kantor KPUD Depok didemo massa yg tidak puas dg hasil penghitungan suara pada Pemilu 2024.

#DukungHakAngketDPR
#PemiluUlangTanpa02",¬•@N'$,26,820,1.7K,2024-02-27T11:44:23.000Z
"Partisipasi Pemilih Pemilu 2024 di Kabupaten Serang Meningkat Jadi 85,3 Persen Aman dan Damai",PEMILU DAMAI KITA,0,0,0,2024-03-06T02:01:29.000Z
KENAIKAN suara Partai Solidaritas Indonesia (PSI) yang signifikan di situs pemantauan Komisi Pemilihan Umum (KPU) membuat wacana hak angket kecurangan Pemilu 2024 menguat.,Media Indonesia,29,287,543,2024-03-03T06:30:03.000Z
"#temanpemilih yuk saksikan Live Streaming Rapat Pleno Terbuka Rekapitulasi dan Penetapan Hasil Penghitungan Perolehan Suara Pemilu 2024 tingkat Provinsi Jawa Tengah, pada Hari Rabu s/d Jumat tanggal 6-8 Maret 2024 pukul 09:00-21:00 WIB.

 Stay Tuned di Youtube KPU Jateng",ppstrengguliwonosalam,0,0,0,2024-03-06T00:41:01.000Z
Dewan Perwakilan Daerah (DPD) RI telah sepakat membentuk panitia khusus (pansus) untuk menyelidiki kecurangan Pemilu 2024.,Kompas.com,28,639,1.9K,2024-03-05T09:28:05.000Z
"Suara PSI Tak Masuk Akal, Pembajakan Pemilu 2024 oleh Jokowi Nyaris Sempurna, Segerakan Hak Angket",OposisiCerdas.com,41,854,1.5K,2024-03-03T03:21:29.000Z
"Kenaikan Suara PSI Disebut Anomali, Netizen: Partai Salah Input https://5news.co.id/nasional/39274387/kenaikan-suara-psi-disebut-anomali-netizen-partai-salah-input 
#5news #PSI #Pemilu2024",5 News,0,3,3,2024-03-04T13:55:00.000Z
"Kesiapsiagaan Polres Banjar Melaksanakan Penjagaan di kantor Bawaslu Kota Banjar

Dalam Rangka Operasi Mantap Brata Lodaya pengamanan Pemilu 2024, Polres Banjar melaksanakan pengamanan di kantor Bawaslu Kota Banjar. (06/03/2024).",Polres Banjar Polda Jabar,0,0,0,2024-03-06T02:18:21.000Z
"Bukankah jadwal penetapan hasil Pemilu serentak 2024 ditentukan pada 20 Maret? 

Waspada kemungkinan memajukan tanggal penetapan hasil Pemilu 2024, mendahului rencana Hak Angket DPR.

#Nalar  dua hari setelah Jubir MK datangi KPU, koordinasi timeline ?!

#TolakPemiluCurang ",#KataNalar,11,321,386,2024-02-27T22:46:24.000Z
"SIDANG PARIPURNA DPR RI
(05 MARET 2024)
Pengusul Hak Angket Kecurangan  Pemilu 2024 dan Penyalahgunaan Kekuasaan.

Aus Hidayat Nur ( Fraksi PKS )

Luluk Nur Hamidah (Fraksi PKB)

Aria Bima (Fraksi PDIP)

Kuy, Dukung Hak Angket ",ùô∞ùöÅùôæ,26,492,1.9K,2024-03-05T05:08:24.000Z
,HUSNI ANDALAS,0,2,1,2024-03-05T07:05:19.000Z
"Gerakan rakyat Papua Barat Daya tolak hak angket dan serukan dukung pemilu 2024

Shani Fitra Eri Ganjar Ini X Karina Nabrak Jam 4 Anies TikTok Taliban Indonesia     rakyattolak hakangket Meta KJMU",Efrita Anggraini,0,0,1,2024-03-06T03:21:16.000Z
"DPD RI Sepakat bentuk 
PANSUS 
Kecurangan Pemilu 2024

#DukungHakAngketDPR",Qiunco2761Reaborn,0,1,2,2024-03-06T02:28:46.000Z
"Angket Angkot
Ketua DPR Dan Wakil aja tdk hadir. 
164 anggota yg hadir
575 anggota Tidak hadir.",ProGibran,1,1,7,2024-03-06T00:56:10.000Z
DPD RI Sepakat Bentuk Pansus Kecurangan Pemilu 2024,Nol Gagal,3,39,82,2024-03-06T00:17:15.000Z
"KPU BERMASALAH..., 
BIANG KEROK PERMASALAHAN PILPRES 2024...

38 BUKTI VIDIO REKAMAN DAN TANGKAPAN LAYAR KPU MEMERINTAHKAN SELURUH KPU DI DAERAH UNTUK MELAKUKAN KECURANGAN PEMILU 2024....

#Pemilu2024MilikRakyatRI 
#Pemilu2024MilikRakyatRI 
",Pengadilan Rakyat,0,4,3,2024-03-06T02:53:18.000Z
"SANGAT TERANG BENDERANG PEMILU 2024 ADALAH PEMILU PALING BRUTAL & CURANG PALING BIADAB!!!, sudah banyak bukti hampir tiap hari!!!",Abdul,1,6,9,2024-03-04T14:58:59.000Z
"Anggota Dewan yg bolos menghindari hak Angket?

Yg tidak hadir dlm Rapat Paripurna itu kemungkinan besar anggota dewan pendukung Prabowo.

Mereka bukan sbg wakil rakyat, tapi mereka sesungguhnya wakil penguasa, yg makan gaji buta dari uang pajak rakyat.",ONLY NEWS,70,157,432,2024-03-05T09:36:35.000Z
Wujudkan Perdamaian Pasca Pemilu 2024,Melayu Bangka,0,0,0,2024-03-05T05:33:58.000Z
"Pemilu 2024 adalah milik rakyat, Rezim Jokowi adalah Perusak Demokrasi, kudeta Pemilu adalah kudeta konstitusi pelakunya layak dihukum mati !!!
Gantung mati ketua KPU !!!
#Pemilu2024MilikRakyatRI 
#Pemilu2024MilikRakyatRI",LAWAN DIRTY VOTE !!!,31,601,1.1K,2024-03-05T13:07:25.000Z
"Petisi Forum Pemyelamat Reformasi dan Demokrasi yang disampaikan oleh Marsekal TNI (purn) Agus Supriatna, mantan KSAU, meminta 
@jokowi
 untuk mundur dg sukarela & mendesak 
@DPR_RI
 lakukan Hak Angket.
Cc 
@KPU_ID
 dan 
@bawaslu_RI
 yg ikut andil dlm kecurangan Pemilu 2024.",¬•@N'$,47,1.3K,3K,2024-02-26T07:12:31.000Z
"Lonjakan Suara PSI Bagian Pembajakan Pemilu 2024 oleh Jokowi, Segera Gunakan Hak Angket DPR!",REPUBLIK MERDEKA | RMOL.ID,17,255,452,2024-03-03T04:16:24.000Z
"Polri memastikan Pemilu akan berjalan lancar, aman,tertib dan kondusif. Bersama jajaran Polda  seluruh Indonesia, Polri pun telah memetakkan potensi kerawanan keamanan dan ketertiban masyarakat (Kamtibmas) dan geografis Pemilu 2024.

Peluk Jam 3 Heru Dalam
#RumahSalmaSalsabil",Nidyna10,3,20,23,2024-03-01T00:03:48.000Z
"[PKB] Luluk Nur Hamidah 

Meminta DPR menggunakan hak angket untuk menyelidiki dugaan kecurangan Pemilu Thn. 2024

Beliau Tegas DPR jangan diam melihat berbagai dugaan ke- curangan & persoalan dalam pelaksanaan Pemilu 2024 

___
#DukungHakAngketDPR Nasdem Puan Rocky",H Rohta,4,60,169,2024-03-05T08:46:01.000Z
"Unjuk rasa  oleh ribuan massa dari berbagai lapisan masyarakat di depan Gedung  DPR-MPR RI Senayan, Jakarta (5/3) menolak pemilu curang dan mendukung  DPR RI menggulirkan hak angket untuk mengusut tuntas dugaan kecurangan  pada Pemilu 2024.

Video: Ayu Yunia / Jurnalis Metro TV",METRO TV,28,558,1.3K,2024-03-05T10:26:40.000Z
"Menko ini sepertinya sombong dan menganggap remeh riak riak tersebut ?!...
Dukung #HakAngketDPR",Lai,1,7,12,2024-03-06T01:41:48.000Z
Dari pernyataan ini menunjukan bahwa hasil Perhitungan Suara KPU sudah tidak akurat. Sehingga Semakin tidak Jelas Siapa Sebenarnya Pemenang Pemilu 2024 sampai dengan saat ini.,Lambe Waras,88,651,1.3K,2024-03-04T23:32:38.000Z
Jaga terus kerukunan masyarakat pasca Pemilu 2024 #PemiluJujur #PemiluIndonesia,Kinta Riana,0,0,0,2024-03-06T01:46:00.000Z
Semoga Hak Angket DPR bisa membuka kecurangan Pemilu 2024,AgusWidodo,0,3,8,2024-03-06T02:03:58.000Z
"Rapat DPR soal hak angket, DPR membara.

Fraksi PKB:
""Pemilu 2024 ini sangat brutal dan menyakitkan. 
Pemilu adalah hak rakyat. Tidak boleh ada yg merampas.
Pemilu tidak hanya dipandang sbg hasil tapi juga proses.""

5 Maret 2024

#Pemilu2024MilikRakyatRI 
#Pemilu2024MilikRakyatRI",dancersejati07,1,6,9,2024-03-05T18:55:59.000Z
"Masa sidang DPR kali ini menjadi momen pembuktian bagi sejumlah partai politik untuk menunjukkan keseriusan mereka menggulirkan #HakAngketDPR mengusut dugaan kecurangan Pemilu 2024.
Kalau memang serius,,, ",Lai,3,11,17,2024-03-05T01:53:41.000Z
"4 Fraksi Partai Politik di DPR Bersiap Ajukan Hak Angket, PPP sebagai Koalisi PDIP di Pemilu 2024 Nyatakan Belum berminat https://nasional.tempo.co/read/1841349/4-fraksi-partai-politik-di-dpr-bersiap-ajukan-hak-angket-ppp-sebagai-koalisi-pdip-di-pemilu-2024-nyatakan-belum-berminat?utm_source=Twitter&utm_medium=dlvr.it #TempoNasional",tempo.co,2,4,8,2024-03-05T14:01:37.000Z
Mahfud MD: Pemilu 2024 Pemilu Terburuk Sejak Zaman Orde Baru,KBA NEWS,6,106,277,2024-03-02T03:09:11.000Z
"Sidang Paripurna DPD Sepakat Bentuk Pansus Kecurangan Pemilu 2024

#DukungHakAngketDPR
#demokrasi #pemilu #indonesia #jokowi #presiden #ordebaru #komnasham #hakangket #dprri #savedemokrasi #karamdemokrasi",ùî∏ùî∏‚Ñï,7,47,142,2024-03-05T10:04:24.000Z
"#temanpemilih yuk saksikan Live Streaming Rapat Pleno Terbuka Rekapitulasi dan Penetapan Hasil Penghitungan Perolehan Suara Pemilu 2024 tingkat Provinsi Jawa Tengah, pada Hari Rabu s/d Jumat tanggal 6-8 Maret 2024 pukul 09:00-21:00 WIB.

 Stay Tuned di Youtube KPU Jateng",KPU Purbalingga,0,0,0,2024-03-06T01:48:16.000Z
"DCN Global: ""Unraveling Misinformation: Safeguarding Democracy in the 2024 Global Elections""

More: https://youtube.com/live/KTC_NNSE2zI #Elections #IndonesiaElection #Pemilu2024",Aribowo Sasmito,1,0,1,2024-03-04T19:09:59.000Z
"Hak Angket Kecurangan Pemilu 2024

Bertujuan untuk membongkar dugaan kecurangan Pemilu 2024 yang melibatkan  eksekutif

Semua elemen masyarakat yg menginginkan terciptanya Good Governance pasti akan menyabut baik upaya tsb",üÜÑüÖΩüÖ∏üÖµ,3,15,40,2024-02-28T09:36:39.000Z
"We'll be sharing our next one here

https://dad-profit.com/?twclid=2-2ae8fvsb6d818b471pwtnncc8",Vica Chao,1,1,5,
"Sat Binmas Polresta Deli Serdang mengajak masyarakat untuk bersama sama menjaga Harkamtibmas di wilkum Polresta Deli Serdang di masa Pemilu 2024.


@Spripim_Polri

@divisihumaspolri 
@poldasumaterautara",Humas Polresta Deli Serdang,0,0,0,2024-03-06T01:10:30.000Z
Jaga terus kerukunan masyarakat pasca Pemilu 2024 #PemiluJujur #PemiluIndonesia,Zoey,0,0,0,2024-03-06T01:46:11.000Z
"Anggota DPR RI Fraksi NasDem, Sugeng Suparwoto menegaskan bahwa partainya tetap akan mengajukan hak angket dugaan kecurangan Pemilu 2024 tanpa menunggu PDIP yang digadang-gadang sebagai inisiator.

Tolong digarisbawahi, tanpa PDIP, NasDem akan mengambil jalan atau akan angket",tvOnenews,8,70,180,2024-03-05T09:07:30.000Z
"Proses Pengembalian Logistik Pemilu 2024 Berlangsung Lancar

Tahapan demokrasi mencapai puncaknya dengan suksesnya proses pengembalian logistik pemilu 2024. Berbagai pihak terkait turut hadir untuk memastikan.

FB IG Devina Amel Ganjar
Fitra Eri Heru Budi Ini X",Entien Ajach,2,10,10,2024-03-05T23:48:02.000Z
"Kecurangan Pemilu 2024 ini sudah masuk dalam Katagori : Jahat, Systematis, Terstruktur, Licik, Culas Engga Takut Dosa, Engga Takut Hukum Akhirat, Halalkan Segala Cara dan Lupa Lubang Kubur.",Lambe Waras,64,1.3K,2.5K,2024-02-27T05:34:45.000Z
"Assalamualaikum pagi 

Pemilu 2024 penuh kecurangan...",Blackshark7890,41,918,1.7K,2024-03-04T22:19:56.000Z
"Akan SEGERA Digulirkannya   
HAK Angket DPR  , Untuk Membongkar KECURANGAN  PEMILU 2024.

#DukungHakAngketDPR",SETYAKI,7,52,133,2024-03-05T02:21:26.000Z
"Perolehan suara paling signifikan
PKB
GERINDRA
GOLKAR
NASDEM
PAN
PSI
Yg d Nyinyirin PSI, begitu takutnya mrk dg PSI
Takut 2029 Auto tenggelam ",Momon,9,6,43,2024-03-03T13:06:17.000Z
PARPOL YANG GAK #DukungHakAngketDPR = Pendukung Kecurangan Pemilu 2024,Muslim_AntiPKI9,4,2,50,2024-03-05T07:56:16.000Z
"Rapat paripurna hanya dihadiri secara fisik oleh 164 orang anggota dewan dari semua fraksi dan 126 orang izin. Sementara 285 anggota lainnya dari total 575 orang tidak hadir.

Ckckck........Kamarana nya?",M.Margani,25,103,137,2024-03-05T09:02:17.000Z
"Breaking news 28 February 2024

Usut Tuntas Dugaan Kecurangan Pemilu 2024 
https://youtu.be/NLVTBdQO3oU?si=TzszWBXbTsc85l0v",Maudy Asmara,31,1.4K,3.3K,2024-02-28T08:01:12.000Z
Server Pemilu 2024 #server #pemilu #kpu,Ummat News,1,2,12,2024-02-29T21:06:38.000Z
Tetap Terus Jaga Kerukunan Dan Persaudaraan Pasca Pemilu 2024,Qory Amalia,0,0,0,2024-03-06T03:19:52.000Z
"Metode Random Digit Diaaling menjadi metode survey LSI untuk sampling kepuasan masyarakat pada penyelenggaraan pemilu 2024. Hasilnya sangat memuaskan

#HasilSurveyLSIPemilu",üÖ∫,1,6,5,2024-02-27T06:02:49.000Z
"With Market Reaching the ATH , and bull market starting , Our Next Trade will be the biggest one ever!

our telgram :  https://our-channels.net/?twclid=25gbcchkgx08bxbmya6r3ck3vp",Aphisara Simmalee,0,0,5,
"#MetaMask User?  Boost your security with #Datamask 

 Encrypt and secure your passwords using your MetaMask keys
 Local storage - no central servers 
 Ready for #Web3

 Tap the link below to download now",HUDI,16,12,273,
"Sebagai salah satu pelaku sejarah pergerakan reformasi 1998, Luluk Nur Hamidah, Anggota Komisi VI DPR RI/Fraksi PKB mengaku belum pernah melihat proses pemilu sebrutal dan menyakitkan seperti Pemilu 2024. Ia menilai etika dan moral politik saat ini berada di titik minus.",METRO TV,22,344,985,2024-03-05T13:22:23.000Z
"DEKRIT BANDUNG 2024

Mosi tidak percaya kepada Presiden Jokowi, Meolak Hasil PEMILU 2024...

#DukungHakAngket
#BongkarKecuranganPilpres2024",MarahIchsan,7,69,257,2024-02-27T03:40:33.000Z
"Mau pake dalih apapun, menurut KPU Sirekap Bukan Penentu Hasil Pemilu 2024.

Ngeyel amat sih...
",#TweetAink,3,7,6,2024-03-02T13:14:48.000Z
"Upaya Pengusutan Dugaan Kecurangan Pemilu 2024, Jusuf Kalla Dorong Realisasi Hak Angket DPR RI https://keuangannews.id/upaya-pengusutan-dugaan-kecurangan-pemilu-2024-jusuf-kalla-dorong-realisasi-hak-angket-dpr-ri/ lewat 
@Keuangan
 News",Keuangan News,9,417,1.6K,2024-02-28T09:41:56.000Z
"Surati Ketua DPR, TPDI Dukung Dewan Gunakan Hak Angket untuk Usut Dugaan Kecurangan Pemilu 2024 https://nasional.tempo.co/read/1838487/surati-ketua-dpr-tpdi-dukung-dewan-gunakan-hak-angket-untuk-usut-dugaan-kecurangan-pemilu-2024?utm_source=Twitter&utm_medium=dlvr.it #TempoNasional",tempo.co,1,144,357,2024-02-27T09:37:35.000Z
"PEMILU 2024 ADALAH PEMILU PALING ANEH 

Yang menang Prabowo, Yang di demo dan dituduh curang KPU, yang dituntut  Jokowi turun.

Lucu Kan...???",Winny Ratnasari,395,178,1K,2024-03-01T06:13:46.000Z
"We'll be sharing our next one here

https://dad-profit.com/?twclid=2-3hnuwq41nav5lasclgg88ksg0",Vica Chao,2,0,8,
"Kecurangan Pemilu 2024 terus menerus itu sangat menyakitkan bagi rakyat Indonesia yang sudah segunung kekecewaannya terhadap presiden Jokowi biang segala kecurangan dan kemiskinan
Saatnya makzulkan Jokowi. !!!
#1Maret2024PeoplePower 
#1Maret2024PeoplePower",LAWAN DIRTY VOTE !!!,1,11,18,2024-03-01T09:32:05.000Z
"Massa Bakar Spanduk Raksasa Gambar Jokowi di Depan Gedung DPR 

Massa aksi mendukung hak angket dugaan kecurangan Pemilu 2024, di depan Gedung DPR RI, membakar spanduk berukuran besar bergambar Presiden Jokowi. 

Awalnya, para pendemo merobek-robek spanduk bergambar Jokowi",REPUBLIK MERDEKA | RMOL.ID,15,475,993,2024-03-05T10:58:28.000Z
"Pimpinan 
@DPR_RI
 harus serius mengoptimalkan fungsi pengawasan, baik interpelasi atau angket atau apapun terkait kecurangan Pemilu.  

Dalam pengawasan Pemilu 2024, anggota legislatif seakan tak mempunyai taring dan marwahnya.  

#PDIPerjuangan",Aria Bima,7,14,35,2024-03-05T09:23:08.000Z
Patroli dialogis yang humanis unit Binmas Polsek Pancoran Aiptu Nur Cholis tingkatkan Silaturrahmi sampaikan Pesan Kamtibmas dan Call Center 110 kepada Security  untuk menciptakan situasi yg aman dan kondusif usai Pemilu 2024.,Polsek Pancoran,0,0,0,2024-03-06T02:49:16.000Z
Satu Lagi nih Rekomendasi Tempat Makan dari Mbak Puan. Kali Ini Ayam dan Bebek Khas Sukoharjo... #Kuliner #KulinerSolo #Solo #InfoKuliner #FoodVlogger #M3nangkanRakyat #PDIP #PDIPerjuangan #TetapPuan #PuanMaharani #MbakPuan #Nomor3 #Pemilu2024 #pilpres2024,TetapPuan,35,54,38,2024-02-27T03:11:31.000Z
"PPP PASTIKAN DUKUNG HAK ANGKET UNTUK USUT DUGAAN PEMILU 2024 CURANG....

#KPUAnarkisDemokrasi 
#KPUAnarkisDemokrasi
",JATAYUBACK,4,74,164,2024-02-29T06:55:43.000Z
"http://TEMPO.CO, Jakarta - Mahfud Md mengatakan dugaan kecurangan Pemilu 2024 dapat diselesaikan melalui jalur politik berupa hak angket DPR.

""Ahli Hukum Trisakti Sepakat Mahfud Md Hak Angket Bisa Pemakzulan Presiden, Ini Dasar Hukumnya""",MarahIchsan,8,61,234,2024-02-29T12:40:51.000Z
"Sebanyak 68,2 persen pembaca setuju dorong hak angket kecurangan pemilu 2024. Angka ini merupakan hasil polling kumparan. #newsupdate #news #update",kumparan,11,431,1.4K,2024-02-29T09:34:17.000Z
"Per hari ini 28 Februari 2024 sudah meningkat menjadi 94 orang petugas KPPS yang wafat, bahkan bunuh diri.

Tdk  ada pernyataan apapun dr Pemerintah, KPU, Bawaslu. Juga dari pihak yg sudah klaim kemenangan.

Terus saja bagi2  jabatan, tertawa, pesta pora.",Dokter Tifa,211,1.2K,2.7K,2024-02-28T04:55:36.000Z
"CARUT MARUTNYA  PEMILU RUSAKNYA DEMOKRASI MENGKHIANAT SUARA PILIHAN RAKYAT 
Kejahatan2 Serta Kecurangan Para Penyelenggara Pemilu 2024 
 ( KPU, BAWASLU,DKPP,MK ) ikut terlibat Pengaruh penguasa.",@Mbok_Srintil,1,68,131,2024-02-29T15:58:56.000Z
"#temanpemilih #repost 
@KPU_Jateng
 
saksikan Live Streaming Rapat Pleno Terbuka Rekapitulasi dan Penetapan Hasil Penghitungan Perolehan Suara Pemilu 2024 tingkat Provinsi Jawa Tengah, Hari Rabu s/d Jumat tanggal 6-8 Maret 2024 pukul 09:00-21:00 WIB
Di channel Youtube KPU Jateng",PPK SUSUKAN,0,0,0,2024-03-06T02:01:41.000Z
"Jamiluddin menyebut, kini ada rumor adanya operasi senyap yang akan meloloskan partai politik tertentu ke Senayan. Hal itu menurutnya patut diantisipasi.

@psi_id
 
@KPU_ID
 
@bawaslu_RI


@Uki23
 Demi tuhan semoga bukan operasi senyap ...",Lai,1,10,17,2024-03-02T08:39:02.000Z
Jaga terus kerukunan masyarakat pasca Pemilu 2024 #PemiluJujur #PemiluIndonesia,abin,0,0,0,2024-03-06T01:44:23.000Z
Kata Rommy: INDONESIA Menjadi Negara MONEY POLITIK Paling TINGGI di DUNIA Saat PEMILU 2024 ini ,bantoro_,5,203,454,2024-02-28T01:26:39.000Z
"Ulama dan Habaib Jawa Timur Menolak Hasil Pemilu 2024, Bubarkan KPU dan Bawaslu!",JAMAL BUGIS 7.0,32,579,1.7K,2024-03-04T14:29:12.000Z
Pantau Situasi Kamtibmas Tahap Pleno Terbuka Pemilu 2024 Polsek Denbar Giatkan Bluelight Patrol,Humas Polresta Denpasar,0,0,0,2024-03-06T03:01:03.000Z
"PPP pastikan dukung Hak Angket untuk usut dugaan Pemilu 2024 Curang.

#DukungHakAngketDPR",Aliff_qu,4,8,30,2024-02-29T10:06:20.000Z
DPD RI Sepakati Bentuk Pansus Kecurangan Pemilu 2024 https://nasional.tempo.co/read/1841205/dpd-ri-sepakati-bentuk-pansus-kecurangan-pemilu-2024?utm_source=Twitter&utm_medium=dlvr.it #TempoNasional,tempo.co,163,2K,6.5K,2024-03-05T07:33:34.000Z
"Para tokoh agama di Indonesia memiliki peranan yg sgt penting sbgi garda terdpn yg bersinggungan scr langsung dgn masyarakat utk mampu menentramkan situasi di tengah warga,utamanya pasca pelaksanaan Pemilu 2024 spt skr ini.

Rest In Peace Innalilahi BPJS
#__2",Nidyna10,3,20,29,2024-03-04T23:14:54.000Z
Jaga terus kerukunan masyarakat pasca Pemilu 2024 #PemiluJujur #PemiluIndonesia,Elziro.,0,0,0,2024-03-06T01:45:29.000Z
KPU dinilai telah secara terang melanggar kode etik penyelenggara pemilu.,Kompas.com,13,219,356,2024-02-28T08:19:11.000Z
"::
Himbauan pada partai2 pendukung dilakukannya hak angket DPR utk kasus kecurangan pemilu 2024 ini.
Jan sampai sbg anggota DPR kelen mengkhianati amanat rakyat.
Ingat jabatan hanya sementara tp pertanggungjawabannya akan selamanya tanpa batas waktu.

#HakAngketDPR
",Didiek Murdock,1,21,34,2024-03-04T17:44:52.000Z
"Untuk kali ini kalo hak angket gagal membuka kebobrokan pemilu 2024, maka untuk pemilu yg akan datang sebaiknya kita gak usah ke TPS alias golput seumur hidup ",Ngungare_Jang,11,1,47,2024-03-05T07:42:39.000Z
"Pengen nukis kaya gini kenapa ya. ""Jika memang ada kecurangan pada pemilu 2024 ini yang bisa membongkar hanyalah pak prabowo seorang yang berjiwa prajurit iklas dan berani mati demi kebenran""",abdulrozak,0,0,0,2024-03-06T02:53:13.000Z
"Siapa suka bawa bekal?  Nih mimin kasih rekomendasi tas bekal yang CUTE BANGET! Bisa juga jadi tas jajan kamu sih, soalnya beneran gemesss  Check out sekarang yuk! #RacunShopee",Shopee Indonesia,39,52,349,
"Biar PSI tahun 2029 bisa ikutan ke Senayan.. 

",Denny Siregar,715,548,2.4K,2024-02-29T08:55:28.000Z
"Lonjakan Suara PSI Bagian Pembajakan Pemilu 2024 oleh Jokowi, Segera Gunakan Hak Angket DPR!",GELORA NEWS,105,1.3K,2.8K,2024-03-03T04:31:18.000Z
"Pastikan Kota Sibolga Aman, Polres Sibolga Laksanakan Patroli Dialogis Di Kantor Penyelenggara Pemilu 2024.",Humas Polres Sibolga,0,0,0,2024-03-06T03:07:36.000Z
Patroli dialogis yang humanis unit Samapta Polsek Pancoran Bripka Riki tingkatkan Silaturrahmi sampaikan Pesan Kamtibmas dan Call Center 110 kepada Security Apartemen taman raja untuk menciptakan situasi yg aman dan kondusif usai Pemilu 2024.,Polsek Pancoran,0,0,0,2024-03-06T02:39:01.000Z
"Aksi di DPR ini membuktikan gerakan ekstra parlemen blm padam, mendesak DPR muncul oposisi. Tdk spt slm ini hny nurut Jkw. Bentuk hak angket, periksa Jkw & aparatur negara dibawahnya apakah melanggar UU dlm mengintervensi pemilu 2024? #MakzulkanJokowi 
@nongandah
 
@WagimanDeep212_",peter hari,37,192,642,2024-03-05T11:26:36.000Z
"We'll be sharing our next one here

https://dad-profit.com/?twclid=21mtmxgw3sz2dyjm8sh21n9u51",Andy Martinez,7,7,98,
Kegiatan Pengamanan Penyampaian Rekapitulasi Hasil Penghitungan Suara Pemilu 2024 Oleh Personel Polres Tanggamus Jaga Situasi Kamtibmas Agar Tetap Kondusif,Humas Polres Tanggamus,0,0,0,2024-03-06T02:51:39.000Z
"KAPOLSEK BREBES BERSAMA ANGGOTA SAMBANG TOKOH MASYARAKAT BERIKAN PESAN KAMTIBMAS USAI PEMILU 2024

Kapolsek Brebes AKP Mulyono, S.H., M.H. bersama Kanit Binmas  sambang dan penggalangan kepada Tokoh Masyarakat Kepala Sekolah SDN 1 Brebes, Rabu (06/03/2024).

#polresbrebes",Polres Brebes,0,0,0,2024-03-06T03:10:36.000Z
Emak-emak Gruduk KPU Jawa Barat Tolak Kecurangan Pemilu 2024 https://foto.tempo.co/read/112057/emak-emak-gruduk-kpu-jawa-barat-tolak-kecurangan-pemilu-2024?utm_source=Twitter&utm_medium=dlvr.it #TempoFoto,tempo.co,4,82,296,2024-02-27T06:16:04.000Z
"Hoax Presiden Bagi Sembako di Depan Istana Jelang Pemilu 2024, Aslinya Kegiatan di Tahun 2023.

Siang Pemain Rest in Peace Inalillahi Indomie Tori Kara Aice Bisikin",Izzah Asahri,0,2,3,2024-03-05T07:02:35.000Z
"Saya baru tahu kalau penjilat itu bisa menular.Awal ceritanya begini, 
Ada tokoh yg mau turun gunung karena katanya pemilu 2024 akan curang, ketika kecurangan nampak, 
Bukannya melawan kecurangan malah nyemplung membela pelaku kecuranganya, dg balasan anaknya jadi menteri.",baskoro,2,11,12,2024-03-06T00:22:22.000Z
DPD RI Bentuk Pansus Dugaan Kecurangan Pemilu 2024 https://nasional.tempo.co/read/1841215/dpd-ri-bentuk-pansus-dugaan-kecurangan-pemilu-2024?utm_source=Twitter&utm_medium=dlvr.it #TempoNasional,tempo.co,3,48,169,2024-03-05T07:48:03.000Z
"Di 'Kamar' yang lain malah sudah disetujui secara lembaga.

DUKUNG PENUH! 

#KalahkanJokowi",üÖ∂,39,823,2.1K,2024-03-05T10:08:23.000Z
"Berawal dari ketidakpercayaan rakyat terhadap proses perhitungan suara PILPRES, sekarang sudah merambat ke perhitungan suara PILEG. Beberapa tokoh bahkan mengatakan PEMILU 2024 adalah yang paling brutal atau paling buruk dlm sejarah. Perlukah diulang atau ada solusi lain?",Indra Charismiadji,43,143,393,2024-03-04T01:12:19.000Z
"BADRUN !
Anies dan Ganjar Bersatu Dukung Hak Angket Pemilu. Timnas AMIN 01 Refly Harun dan GAMA Rudi S Kamri pimpin Gerakan Rakyat Tolak Pilpres 2024 Curang secara TSM.

@ayomaju789


@Belok_dong


@Bambang_Budimab


@heryrani
 
@Karto8384910957
 
@Bambangc5563",SONTOLOYO,11,4,14,2024-03-01T15:42:16.000Z
"#papuaamankondusif
#jagastabilitaskeamanan
#papuankri
#pemilu2024",Toejuhdimensi,0,0,1,2024-03-06T02:21:19.000Z
"We'll be sharing our next one here

https://dad-profit.com/?twclid=25uucv22f07f8astfqo0vhe80e",Andy Martinez,1,4,104,
Rapat Paripurna Pertama Setelah Pemilu 2024 Cuma Dihadiri 164 dari 575 Anggota DPR https://nasional.tempo.co/read/1841138/rapat-paripurna-pertama-setelah-pemilu-2024-cuma-dihadiri-164-dari-575-anggota-dpr?utm_source=Twitter&utm_medium=dlvr.it #TempoNasional,tempo.co,0,7,8,2024-03-05T04:45:05.000Z
"Pemilu 2024 ini adalah pemilu yang terburuk karena walau sudah dikeroyok 01 dan 03 dapatnya cuma mentok 41%

Gue dukung Jokowi harus dimakzulkan pada tanggal 20 Oktober 2024 

Kawal Hak Angket sampai anggota DPRnya keburu pensiun gak kepilih lagi ..

",RUDI VALINKA,71,81,504,2024-03-05T11:56:23.000Z
Tetap Jaga kerukunan pada Pemilu 2024,sitaayuptr,1,0,1,2024-03-05T09:52:19.000Z
"Melihat semua peristiwa yang terjadi dalam pelaksaan Pemilu 2024 ini, siapa sebenarnya bapak ini ?

(Semua jawaban dalam kolom komentar akan di umumkan dalam tabulasi sistem Sirekapmin, 7 Maret 2024)",ùêãùêàùêëùêÄ ‚ÅΩ·¥º·∂†·∂†‚Å±·∂ú‚Å±·µÉÀ°‚Åæ,861,1K,4.3K,2024-03-04T23:46:28.000Z
"Pemerintah meremehkan aksi2 Demo belakangan ini, tar klo terjadi 98 jilid dua baru deh Pemerintah panik ",Kepa Argawinata,3,9,34,2024-03-05T18:59:51.000Z
"Sidang Dugaan Kebocoran DPT Pemilu 2024, DKPP Diminta Pecat Semua Komisioner KPU.",Devy Casanofa Fransisco,0,6,12,2024-02-29T14:54:24.000Z
"Halo Sekelik Polda Lampung

Pasca pemungutan suara pada Pemilu 2024, Subsatgas PAM Objek Giat Ditsamapta Operasi Mantap Brata Krakatau lakukan pengamanan di kantor Bawaslu (Badan Pengawas Pemilu) Provinsi Lampung.

#poldalampung #kapoldalampung #pestademokrasisehat #PolriHumanis",Humas Polda Lampung,4,0,302,2024-02-27T05:17:49.000Z
"164 hadir fisik, 126 hadir online, 285 gak hadir. Tes tes tes!

285 Anggota DPR Tak Hadir Rapat Paripurna Usai Pemilu 2024
https://cnnindonesia.com/nasional/20240305101508-32-1070517/285-anggota-dpr-tak-hadir-rapat-paripurna-usai-pemilu-2024.

#Pemilu2024MilikRakyatRI 
#Pemilu2024MilikRakyatRI",dancersejati07,0,1,0,2024-03-05T18:51:28.000Z
"@PKSejahtera
 , 
@DPP_PKB
 dan 
@PDI_Perjuangan
 suarakan HAK ANGKET dugaan Kecurangan Pemilu 2024.


@NasDem
 katanya MENYUSUL.",OktermanLkmn,3,9,8,2024-03-05T08:01:16.000Z
"Masyarakat Papua Percaya Dengan KPU Terkait Hasil Pemilu 2024

Namun kepercayaan masyarakat tercoreng akibat ulah KSTP yang menggangu keamanan sehingga membahayakan stabilitas keamanan di Papua.

#SikatHabisKSTP
Rest In Peace Innalilahi BPJS Arsenal",Nadia Puspita,5,20,20,2024-03-04T23:34:34.000Z
"Membongkar kecurangan pemilu 2024

Prof Yusril pun terdiam",Í¶©Í¶∏Í¶ÇÍ¶†Í¶ù,154,1.2K,2.8K,2024-02-29T11:22:22.000Z
"PANAS! Debat soal 'Keculasan' Pemilu 2024, Prabowo Mania tidak setuju PSI dituding 'BEGAL' suara

Ngakak si liat Noel ampe kejang gitu belain Partai Salah Input, Noel ini kek pendukung wowo diteel kelakuannya, dulu macak oposisi kritik Jokowi sekarang jd penjilat Jokowi ",Korban Ceklist Satu,26,389,1K,2024-03-05T05:06:11.000Z
"Suara PSI Tak Masuk Akal, Pembajakan Pemilu 2024 oleh Jokowi Nyaris Sempurna, Segerakan Hak Angket",GELORA NEWS,119,2.3K,5.7K,2024-03-03T01:40:59.000Z
Patroli dialogis yang humanis unit Samapta Polsek Pancoran Aiptu Supriadi bersama tiga pilar tingkatkan Silaturrahmi sampaikan Pesan Kamtibmas dan Call Center 110 kepada warga untuk menciptakan situasi yg aman dan kondusif usai Pemilu 2024.,Polsek Pancoran,0,0,0,2024-03-06T02:45:02.000Z
Jam 4 KJMU MKMK Pagi-pagi Semalem Pemilu 2024 Bapak Morningg,Meisya Arinra,0,0,0,2024-03-06T02:50:18.000Z
Profesor ini sengaja menunjukkan kebodohannya demi sepotong kekuasaan.,gigin praginanto,15,111,214,2024-02-28T01:01:05.000Z
"Ratusan warga dari Koalisi Masyarakat Peduli Demokrasi berunjuk rasa di gedung dakwah Singaparna dimana hari ini KPU Kab. Tasikmakaya sedang berlangsung melakukan rekapitulasi rapat pleno pemilu 2024 tingkat Kabupaten/Kota, Senin, (4/3) siang. Nui 
#ElshintaNews",Radio Elshinta,1,5,11,2024-03-04T04:47:22.000Z
"Yang orasi ini sangat berapi-api 

Pemilu 2024 bukan pemilu rakyat tapi pemilunya Jokowi 
Makzulkan Jokowi ",bantoro_,12,587,1.2K,2024-03-03T13:53:02.000Z
"PKS, PKB dan PDIP Suarakan Hak Angket Dugaan Kecurangan Pemilu 2024 di Sidang Paripurna DPR https://video.tempo.co/read/37137/pks-pkb-dan-pdip-suarakan-hak-angket-dugaan-kecurangan-pemilu-2024-di-sidang-paripurna-dpr?utm_source=Twitter&utm_medium=dlvr.it #TempoVideo",tempo.co,1,7,3,2024-03-05T08:02:07.000Z
"setujukakah anda wajib PEMILU ULANG atau Diskualifikasi yg CURANG? 
Pakar Hukum Tata Negara Feri Amsari menyebut terjadi penggelembungan  suaraPemilu 2024di 16 provinsi dan 83 kabupaten/kota seluruh  Indonesia. Hal itu berdasarkan temuan dari situs http://kecuranganpemilu.com",RajaRimbaNew,379,1.6K,4K,2024-03-02T02:48:39.000Z
"Kabar baik.
Setelah PDIP, PKB dan PKS yg mengusulkan hak angket dugaan kecurangan pemilu 2024 pd rapat paripurna ke-13 DPR, kini giliran NasDem yg memastikan jadi bagian pengusul.
Kubu 02 panas dingin.

NasDem Pastikan Jadi Bagian Pengusul Hak Angket Dugaan Kecurangan Pemilu.",Chusnul ch,32,93,350,2024-03-05T11:13:44.000Z
Patut bersyukur Pemilu 2024 berjalan aman dan damai #Pemilu2024AmanDamai #SukseskanPemilu2024 #Pemilu2024Kondusif,Kocheng Positif,2,5,3,2024-03-01T07:51:27.000Z
Menko Polhukam soal Demo Kecurangan Pemilu 2024: Ah Itu Riak-riak Kecil http://dlvr.it/T3fb1l #News,LIPUTAN6,56,35,37,2024-03-05T18:18:06.000Z
"We'll be sharing our next one here

https://dad-profit.com/?twclid=2-1kvj9ieqj06wxvhcg691n38ox",Vica Chao,3,0,10,
"Ketua KPU Hasyim Asya'ari Langgar Kode Etik Lagi, Bagaimana Ancaman Hukuman Pelanggaran Pemilu 2024? https://nasional.tempo.co/read/1839925/ketua-kpu-hasyim-asyaari-langgar-kode-etik-lagi-bagaimana-ancaman-hukuman-pelanggaran-pemilu-2024?utm_source=Twitter&utm_medium=dlvr.it #TempoNasional",tempo.co,82,184,372,2024-03-01T13:59:35.000Z
"MUI Serahkan Urusan Hak Angket Pemilu 2024 ke Para Politikus di Senayan
 
https://m.tribunnews.com/mata-lokal-memilih/2024/03/06/mui-serahkan-urusan-hak-angket-pemilu-2024-ke-para-politikus-di-senayan via 
@tribunnews",Mahlina,0,0,0,2024-03-06T03:16:04.000Z
"#Repost 
@humaspoldajatim
 

Usai Beri Suara Sebagai Warga Negara Kita Jaga Persatuan Sebagai Yang Utama Bhinneka Tunggal Ika Pada 14 Februari lalu kita telah memberikan suara kita pada Pemilu 2024.",PID Polsek NGUNUT,0,1,0,2024-03-06T00:41:25.000Z
"Saat situasi mencekam karena menunggu hasil perolehan suara di pemilu 2024. Keamanan yang mestinya mengamankan masyarakat justru berulah. Bentrok TNI-POLRI, Polres Jayawijaya di serang oleh anggota TNI. Wamena, 2 Maret 2024.",Papua Online,1,29,79,2024-03-03T00:03:40.000Z
"Tahapan penyelenggaraan Pemilu 2024 sedang berlangsung. 
#dukungpemilu2024,
#SukseskanPemilu2024
#Pemilu2024kondusif",Liz Marie,0,2,1,2024-02-29T05:25:55.000Z
"Andi Arief menyebut caleg-caleg Demokrat mendapat gangguan dalam penghitungan suara di tiga daerah pemilihan (Dapil), yaitu Sumatera Selatan (Sumsel) I, Jawa Tengah (Jateng) V, dan Kalimantan Selatan (Kalsel) I.
 https://news.detik.com/pemilu/d-7217942/andi-arief-duga-ada-penggelembungan-suara-rugikan-pd-minta-kpu-usut


@Andiarief__
 
#Pemilu2024",Didik Luhur Pambudi,1,15,20,2024-02-29T06:45:02.000Z
"Mari Kita Kawal Hasil Suara Pemilu 2024

Untuk mengantisipasi isu kecurangan pada pemilu 2024, sebaiknya kita kawal suara pemilu sampai ke tingkat pusat dan apabila ada indikasi kecurangan sebaiknya laporkan.

South Korea Jennie Dating 
#MewSuppasit Sotoru Eunwo",Nadia Puspita,3,17,19,2024-02-27T23:30:23.000Z
"Pelanggaran !!!

KPU Nonaktifkan 7 PPLN Kuala
Lumpur Buntut Dugaan Pelanggaran Administratif Pemilu 2024",People Power,79,282,402,2024-03-03T05:47:39.000Z
"Bravo DPD RI, pansus KECURANGAN Pemilu 2024 dibentuk

Ini artinya semua anggota DPD RI sepakat ada indikasi KECURANGAN Pemilu yang musti diselidiki lebih lanjut

DPD sudah, sekarang tinggal nunggu HAK angket DPR RI",Jhon Sitorus,65,183,740,2024-03-05T07:15:53.000Z
"Terbongkar Bagaimana KPU Melakukan Kecurangan Di Pemilu 2024!

Pakar IT: Sirekap KPU Menipu! Ada 54 Juta DPT Siluman. Tolak Pilpres Curang, Tangkap Ketua KPU

Pakar IT, Agus Maksum menjelaskan dengan gamblang bagaimana modus KPU mengakali perhitungan suara di pilpres 2024",Ary Prasetyo,68,661,1.3K,2024-02-29T16:45:12.000Z
"LAWAN KECURANGAN PEMILU 2024 DENGAN DATA DAN FAKTA VALID....

TIM HUKUM AMIN TELAH MENGANTONGI DATA DAN FAKTA VALID DAN SIAP DIADU...

#KPUAnarkisDemokrasi
#KPUAnarkisDemokrasi
",JATAYUBACK,2,81,132,2024-02-29T02:40:52.000Z
"Ridho Rahmadi:
Ternyata bukan hanyq Sirekap dan  Pemilu 2024 yang servernya ada di LN yaitu ALIBABA ...

Dan pihak asing bisa gampang mengaksesnya

LUAR BIASA INI
DOKUMEN RAHASIA NEGARA LHO INI... ",bantoro_,0,231,413,2024-02-29T14:38:30.000Z
"LAWAN KECURANGAN PEMILU 2024...

MAHASISWA TINGGAL TUNGGU TANGGAL MAINNYA....

RATUSAN PROFESOR DAN JENDRAL SIAP BERGERAK....

#RevolusiRakyat2024 
#RevolusiRakyat2024 
",Pengadilan Rakyat,2,34,48,2024-03-03T09:17:11.000Z
"Dalam rangka meningkatkan kesiapan jajaran Pengawas Pemilu untuk mengawasi hari pemungutan suara, Bawaslu Kabupaten Sleman menyelenggarakan Apel Siaga Pengawasan Pemungutan dan Penghitungan Suara (Putungsura) Pemilu 2024 di Lapangan Denggung pada Minggu, 11 Februari 2024.",Bawaslu Kabupaten Sleman,0,0,0,2024-03-06T03:19:56.000Z
Pemilu 2024 adalah hak kita sebagai rakyat. Mari gunakan hak suara kita dengan bijak. #PemiluIndonesia,johnreno,0,0,0,2024-03-06T03:03:17.000Z
"Susul PDIP dan Kubu Anies, PPP Pastikan Bakal Dukung Hak Angket Pemilu 2024",OposisiCerdas.com,28,1K,3.6K,2024-03-01T09:38:42.000Z
"Menurut pakar hukum tata negara, penggunaan hak angket untuk mendorong DPR mengusut dugaan kecurangan Pemilu 2024 bisa berujung pemakzulan Jokowi.",tempo.co,105,995,3K,2024-02-26T07:32:16.000Z
"Pemilu sudah usai, kita tunggu hasilnya dgn penuh riang dn gembira. Sambil menunggu hasil, apa pembelajaran penting dari Pemilu 2024 ini utk akan datang.? Ancaman terbesar Pemilu Jurdil ke depan baik Pilpres maupun Pileg atau Pilkada ialah intervensi uang yg saya sebut mamon.",Benny K Harman,2,10,12,2024-03-06T02:26:23.000Z
"Pemimpin yg adil adalah pemimpin yg dekat dg Tuhannya 

& Kawal Hak Angket Serta Gugatan Ke MK yah Gaes 

Indonesia pasti bisa menghadirkan Pemilu 2024 yg Bermartabat

___
Innalillahi Rest In Peace Ramadhan Partai Salah Input Indomie Tori Kara #DukungHakAngketDPR",H Rohta,10,31,98,2024-03-05T01:20:59.000Z
Muhaimin Pastikan Koalisi Perubahan Ajukan Hak Angket Kecurangan Pemilu 2024,KOMPAS TV,7,153,645,2024-03-02T17:07:33.000Z
NasDem Kumpulkan Tanda Tangan Anggota DPR untuk Gulirkan Hak Angket Pemilu 2024 https://nasional.tempo.co/read/1841361/nasdem-kumpulkan-tanda-tangan-anggota-dpr-untuk-gulirkan-hak-angket-pemilu-2024?utm_source=Twitter&utm_medium=dlvr.it #TempoNasional,tempo.co,50,832,2.7K,2024-03-05T15:02:35.000Z
Waktunya kamu mulai staking crypto di TRIV dan dapat dividen setiap hari !,Triv Exchange,5,1,30,
"Berbagai kemungkinan masih dapat terjadi selama KPU masih merekapitulasi suara  Pemilu 2024

Penambahan termasuk pengurangan suara selama proses rekapitulasi adalah hal wajar. Yang tidak wajar adalah apabila ada pihak-pihak yang mencoba menggiring opini",Miss Tweet |,12,46,91,2024-03-05T09:23:37.000Z
"Jadi angket gak sih? Kog pendukung angket malah pada AFK gini

Yoman ora iki?",It's your own bar,8,37,113,2024-03-05T05:36:38.000Z
Pemilu 2024 udah paling rusak,,0,0,0,2024-03-06T02:33:17.000Z
"19k bagi 110 itu sekitar 172 suara per TPS. Menurut berita tahun 2022 di Kompas (https://nasional.kompas.com/read/2022/10/03/13554881/pemilu-2024-kpu-rancang-1-tps-maksimal-300-pemilih), satu TPS maksimal 300 surat suara. Kalau dua kalimat barusan valid dua-duanya, PSI dapat 57% suara di 110 TPS ini. Prestasi yg sungguh membanggakan. Bravo!",Iqbal Farabi,16,467,753,2024-03-01T14:01:48.000Z
"Aria Bima Perwakilan Fraksi PDIP singgung situasi lapangan elektoral Pemilu 2024. Menurutnya, Semua kalangan menyerukan hal-hal yang perlu dicermati dan meminta DPR untuk menyikapi hal-hal yang menurunkan kualitas pemilu salah satunya hak angket.

Download #MetroTVXtend sekarang",METRO TV,2,8,17,2024-03-05T12:23:18.000Z
"Seruan IB HRS ttg pemilu 2024:

1. Tolak hasil pemilu
2. Lawan kecurangan pemilu dengan hak angket DPR RI
3. Makzulkan Jkw, ganti KPU/Bawaslu
4. Diskualifikasi paslon curang
5. Pemilu ulang tanpa Paslon curang

#1Maret2024PeoplePower
#DukungHakAngketDPR",#FreePalestine,1,33,80,2024-03-01T09:31:22.000Z
"Anggota DPR Fraksi PDIP, Aria Bima mendorong hak angket Pemilu 2024 di sidang paripurna DPR. Aria Bima lalu mengatakan DPR tak ada taring dan marwahnya dalam Pemilu 2024.",detikcom,33,355,1.2K,2024-03-05T06:15:00.000Z
"Sy ulangi lagi, ttg SIREKAP KPU-RI tuk Pemilu 2024.
-Sirekap tu Pileg,DPRD Kota/Kab,DPRDProf,DPD, DPR-R, tdk bermasalah.
-Sirekap Pilpres, masih bermasalah,tdk bisa berfungsi.
-Ada info apl Situng 2019 dicoba digunakan tuk Pilpres 2024,(Apl. Excel).
-Perhit suara msh berlangsung.",Andang Supratman (CyberSpeaker),1,4,9,2024-02-27T01:26:25.000Z
"We'll be sharing our next one here

https://dad-profit.com/?twclid=2-3woo6c3fjwx3tixtvrlglhgrn",Vica Chao,2,1,6,
"KPU RI tengah melakukan rekapitulasi hasil penghitungan suara nasional Pemilu 2024 diawali dari luar negeri, Minggu (3/3). Pasangan Ganjar-Mahfud unggul di PPLN Canberra dan PPLN Chicago.",detikcom,2,5,16,2024-03-03T08:00:41.000Z
Mengapa Luluk Nur Hamidah (PKB) menyatakan kalau Pemilu 2024 Brutal,Ridwan Roy T,0,0,0,2024-03-06T01:14:41.000Z
"Personil Piket Bhabinkamtibmas Polsek Rancaekek Polresta Bandung laksanakan patroli dialogis perintis presisi guna mencegah dan menangkal segala bentuk gangguan kamtibmas di wilayah hukum Polsek Rancaekek pasca dilaksanakannya Pemilu 2024.


@spripim
.polri
@divisihumaspolri",POLSEK RANCAEKEK POLRESTA BANDUNG,0,0,0,2024-03-06T03:17:44.000Z
"Adu argumen itu tanda kalo kita KRITIS.
Silahkan adu argumen, bukan adu kata2 kebun binatang

KITA BEDA PENDAPAT, BUKAN BEDA HABITAT.

#pemilu2024",Daeng Rahing,4,14,51,2024-03-06T01:54:52.000Z
"Bagi PDI Perjuangan hak angket bukan hanya soal perolehan suara, atau siapa yang menang dan kalah, tetapi bagaimana agar semua proses busuk dalam Pemilu 2024 tidak lagi terulang,

#DukungHakAngket",Loko Joyo,4,6,9,2024-03-02T17:02:09.000Z
"Polsek Blambangan Umpu Laksanakan Pengawalan Logistik Kotak dan surat Suara Pemilu 2024 dari PPK Kecamatan Blambangan Umpu Ke KPU Kabupaten Way Kanan. Kegiatan dipimpin Kapolsek Blambangan Umpu AKP Catur Hendro Sutejo

#Polri Presisi",Humas Polda Lampung,3,0,275,2024-02-26T06:57:55.000Z
"Usul Hak Angket Kecurangan Pemilu, Fraksi PKB Tuding Pemilu 2024 Brutal https://nasional.tempo.co/read/1841440/usul-hak-angket-kecurangan-pemilu-fraksi-pkb-tuding-pemilu-2024-brutal?utm_source=Twitter&utm_medium=dlvr.it #TempoNasional",tempo.co,1,0,2,2024-03-06T02:02:35.000Z
Kegiatan Pengamanan Penyampaian Rekapitulasi Hasil Penghitungan Suara Pemilu 2024 Oleh Personel Polres Tanggamus Jaga Situasi Kamtibmas Agar Tetap Kondusif,Humas Polres Tanggamus,0,0,0,2024-03-06T02:51:28.000Z
"Tidak hanya Partai Salah Input dalam suara Pemilu 2024, ada juga Petugas Salah Instruksi saat ditunjukan data pelanggaran HAM berat 02 langsung TULALIT.

Data DKP dan KEPRES tsb coba dibantah dan bilang fitnah ke SBY. Langsung TKN muka berdosa 

Rezim gila.",YukBerisik,10,133,321,2024-03-03T00:24:30.000Z
Romi bilang Pemilu 2024 paling Brutal...sebegitu parahnya.,Devy Casanofa Fransisco,24,66,283,2024-03-03T16:14:02.000Z
Pemilu 2024 dimungkinkan 2 putaran jika dugaan SiRekap diset awal untuk upaya 1 putaran. Data2 hasil TPS tetap ada dan itu juga harus diawasi dan dijadikan hasil pemilu. KPU harus segera menghitung secara jujur.,donaldy,0,0,0,2024-03-06T02:37:03.000Z
"With Market Reaching the ATH , and bull market starting , Our Next Trade will be the biggest one ever!

our telgram : https://our-channels.net/?twclid=2-1ann2l75bvz5u6ocupgxys1hd",Rachel Covington,1,1,11,
"Presiden Joko Widodo (
@jokowi
) mengingatkan kepada TNI-Polri, bahwa tahapan Pemilu 2024 masih ada sampai bulan Oktober. Presiden juga meminta TNI-Polri menyiapkan langkah proaktif untuk menetralisit residu-residu politik dan memitigasi disinformasi.

#Presiden #JokoWiododo #TNI",METRO TV,31,22,32,2024-03-01T05:04:13.000Z
"Kacau ...parah habis,  pemilu 2024 adalah pemilu paling buruk di era reformasi 

Setuju ga Genk .. ",NeverAloneLy,79,885,1.5K,2024-03-03T04:52:33.000Z
"Sistem Situng 2019 diganti domain dengan label Sirekap. Karena Sirekap belum siap.

Tipuan untuk konsumsi masyarakat oleh pihak-pihak yang ingin Pemilu 2024 ini ramai.

Nama Bawaslu diganti nama jadi Badunglu saja. Badan Pelindung Pemilu.",lyn,2,5,12,2024-02-29T11:29:22.000Z
"With Market Reaching the ATH , and bull market starting , Our Next Trade will be the biggest one ever!

our telgram :  https://our-channels.net/?twclid=27ki9rh1mtzws8mt874lvjijbd",‡∏Å‡∏ß‡∏¥‡∏ô‡∏ó‡∏£‡πå‡∏Ø.,4,0,31,
"We'll be sharing our next one here

https://dad-profit.com/?twclid=24ionma8cjv6mv1xi2vw9q5cui",PKST,1,1,29,
"Rapat DPR soal hak angket, DPR membara.

Fraksi PKB:
""Pemilu 2024 ini sangat brutal dan menyakitkan. 
Pemilu adalah hak rakyat. Tidak boleh ada yang merampas.
Pemilu tidak hanya dipandang sbg hasil tp juga proses.""

5 Maret 2024

#Pemilu2024MilikRakyatRI 
#Pemilu2024MilikRakyatRI",dancersejati07,0,1,0,2024-03-05T18:53:45.000Z
"
Gila !! ancur ancuran....demi loloskan partai anak presiden (PSI - Kaesang )..hukum diubah seenaknya !!
ini REPUBLIK atau KERAJAAN sih ??
#KPUAnarkisDemokrasi 
HANYA PEOPLE POWER ,KEKUATAN RAKYAT YANG BISA MENYETOP KEANGKUHAN DAN LALIMNYA RAJA.",AMIN Selamatkan NKRI,1,12,13,2024-02-29T09:33:09.000Z
"Prof Ryaas Rasyid: Semua Orang Tahu Ada Kecurangan, Hasil Pemilu 2024 Layak Ditolak",OposisiCerdas.com,7,514,1.2K,2024-02-27T07:38:25.000Z
Komitmen TNI-Polri Jamin Keamanan dan Kelancaran Pemilu 2024,Polsek Air Besi,0,0,0,2024-03-06T01:52:46.000Z
"""Kalau Pemilu Curang Penjahat dan Koruptor yang berkuasa.""
- Yusril Ihza Mahendra 
.
Mari kita #DukungHakAngketDPR agar bisa membuktikan apakah ada kecurangan atau tidak dalam pemilu 2024 ini.
.",@hansssolo ||,20,113,247,2024-03-01T01:35:23.000Z
"Seluruh masyarakat untuk tetap menjaga ketenangan dan kerukunan pasca pemilihan umum (Pemilu) 2024. Diharapkan masyarakat tetap memperkokoh persatuan, kerukunan dan merekatkan persaudaraan.

___

Yati Telur 17rb Blok M #RIIZE 
Sum 41 #WONBIN Subuh Demo",Han,3,17,20,2024-03-01T23:08:10.000Z
Politikus Gerindra Pilih Bahas Hak Sopir Angkot Dibanding Hak Angket Kecurangan Pemilu 2024 https://nasional.tempo.co/read/1841184/politikus-gerindra-pilih-bahas-hak-sopir-angkot-dibanding-hak-angket-kecurangan-pemilu-2024?utm_source=Twitter&utm_medium=dlvr.it #TempoNasional,tempo.co,1,6,4,2024-03-05T06:40:12.000Z
"Prof. Dr. Jimly Asshiddiqie, S.H, mengatakan belum tentu Presiden Jokowi cawe-cawe di Pemilu 2024, padahal Jokowi sendiri yg bilang dia akan cawe2, kenapa pejabat Negara bergelar Profesor Doktor cara berfikirnya lebih rendah dari Abujanda? mirip buzer Penjilat Asam Sulfat! lemah!",RajaRimbaNew,460,704,1.5K,2024-02-27T02:56:28.000Z
"BREAKING NEWS
Keterangan Roy Suryo dan TPDI Usai datangi Bareskrim terkait Sirekap Pemilu 2024",bantoro_,9,198,400,2024-03-05T02:49:55.000Z
"We'll be sharing our next one here

https://dad-profit.com/?twclid=2-3kptdz8iebk13e45clubvm5yz",Vica Chao,1,0,3,
PEMILU 2024 BUKAN KECURANGAN TAPI KEJAHATAN?,Budiady,0,7,9,2024-03-04T23:21:25.000Z
"With Market Reaching the ATH , and bull market starting , Our Next Trade will be the biggest one ever!

our telgram :  https://our-channels.net/?twclid=2-2wrl5dmjrda02qeptgw0oq3oo",jaytheehottie,4,9,42,
"HAK ANGKET
Mereka spt kebakaran jenggot dg Hak Angket, ternyata materi dari Hak Angket bukan saja pokus pd masalah dugaan kecurangan dlm Pemilu 2024, tetapi ada kabar bhw Hak Angket juga akan menyisir masalah Pembelian Pesawat Mirage 2000-5 Qatar.
Oke Gasss....",Monica,51,1.7K,3.3K,2024-03-05T09:38:47.000Z
"With Market Reaching the ATH , and bull market starting , Our Next Trade will be the biggest one ever!

our telgram :  https://our-channels.net/?twclid=2nq767b4pauhwy1meb1zw66br",jaytheehottie,1,1,37,
